<?xml version="1.0" encoding="UTF-8"?>
<launch4jConfig>
  <dontWrapJar>true</dontWrapJar>
  <headerType>gui</headerType>
  <jar>winesaps.jar</jar>
  <outfile>..\desktop\build\libs\winesaps.exe</outfile>
  <errTitle></errTitle>
  <cmdLine></cmdLine>
  <chdir>.</chdir>
  <priority>normal</priority>
  <downloadUrl>http://java.com/download</downloadUrl>
  <supportUrl>https://winesaps.com</supportUrl>
  <stayAlive>false</stayAlive>
  <restartOnCrash>false</restartOnCrash>
  <manifest></manifest>
  <icon>icon.ico</icon>
  <jre>
    <path>jre_x64</path>
    <bundledJre64Bit>true</bundledJre64Bit>
    <bundledJreAsFallback>true</bundledJreAsFallback>
    <minVersion>1.6.0</minVersion>
    <maxVersion></maxVersion>
    <jdkPreference>preferJre</jdkPreference>
    <runtimeBits>64/32</runtimeBits>
  </jre>
  <versionInfo>
    <fileVersion>1.0.4.0</fileVersion>
    <txtFileVersion>1.0.4</txtFileVersion>
    <fileDescription>Winesaps: online multiplayer game for Windows, Linux and Android</fileDescription>
    <copyright>© Winesaps, 2017, https://winesaps.com</copyright>
    <productVersion>1.0.4.0</productVersion>
    <txtProductVersion>1.0.4</txtProductVersion>
    <productName>Winesaps</productName>
    <companyName>Open Source Developer, Artem Mitrakov</companyName>
    <internalName>Winesaps</internalName>
    <originalFilename>winesaps.exe</originalFilename>
    <trademarks></trademarks>
    <language>ENGLISH_US</language>
  </versionInfo>
</launch4jConfig>